Sno,Weight
0,0.0136338
1,-0.012275125
2,0.005132043
3,-0.017327227
