Sno,Weight
0,0.11340021
1,0.09923752
2,0.11479391
3,0.10796775
